case_id,country,age,sex,agreeable_score,extraversion_score,openness_score,conscientiousness_score,neuroticism_score
1,South Africa,24,1,0.753333333333333,0.496666666666667,0.803333333333333,0.886666666666667,0.426666666666667
3,UK,24,2,0.733333333333333,0.68,0.786666666666667,0.746666666666667,0.59
4,USA,36,2,0.88,0.77,0.86,0.896666666666667,0.296666666666667
5,UK,19,1,0.69,0.616666666666667,0.716666666666667,0.636666666666667,0.563333333333333
6,UK,17,1,0.6,0.713333333333333,0.646666666666667,0.633333333333333,0.513333333333333